<Animations>
  <Animation name="move_static" frameCount="10">
    <Part name="ArmL">
      <Frame x="22.88" y="-51.10" rotation="-100.783" index="0"/>
      <Frame x="22.65" y="-51.17" scaleX="0.999" scaleY="0.999" rotation="-100.263" index="1"/>
      <Frame x="22.00" y="-51.38" scaleX="0.999" scaleY="0.999" rotation="-98.759" index="2"/>
      <Frame x="20.85" y="-51.77" rotation="-96.252" index="3"/>
      <Frame x="19.23" y="-52.23" rotation="-92.556" index="4"/>
      <Frame x="17.23" y="-52.85" rotation="-88.236" index="5"/>
      <Frame x="14.72" y="-53.65" rotation="-82.724" index="6"/>
      <Frame x="11.78" y="-54.55" scaleX="0.999" scaleY="0.999" rotation="-76.206" index="7"/>
      <Frame x="8.40" y="-55.63" scaleX="0.999" scaleY="0.999" rotation="-68.678" index="8"/>
      <Frame x="4.55" y="-56.85" rotation="-60.000" index="9"/>
    </Part>
    <Part name="ArmR">
      <Frame x="-1.07" y="-66.83" rotation="11.712" index="0"/>
      <Frame x="-1.20" y="-66.72" scaleX="0.999" scaleY="0.999" rotation="11.010" index="1"/>
      <Frame x="-1.57" y="-66.42" scaleX="0.999" scaleY="0.999" rotation="8.794" index="2"/>
      <Frame x="-2.20" y="-65.88" rotation="5.293" index="3"/>
      <Frame x="-3.08" y="-65.17" rotation="0.503" index="4"/>
      <Frame x="-4.15" y="-64.22" rotation="-5.763" index="5"/>
      <Frame x="-5.55" y="-63.08" scaleX="0.999" scaleY="0.999" rotation="-13.323" index="6"/>
      <Frame x="-7.15" y="-61.73" scaleX="0.999" scaleY="0.999" rotation="-22.552" index="7"/>
      <Frame x="-9.03" y="-60.15" scaleX="0.998" scaleY="0.998" rotation="-33.082" index="8"/>
      <Frame x="-11.15" y="-58.35" rotation="-45.000" index="9"/>
    </Part>
    <Part name="Body">
      <Frame x="1.50" y="-27.63" rotation="19.217" index="0"/>
      <Frame x="1.48" y="-27.63" scaleX="0.999" scaleY="0.999" rotation="18.828" index="1"/>
      <Frame x="1.50" y="-27.65" scaleX="0.999" scaleY="0.999" rotation="18.272" index="2"/>
      <Frame x="1.50" y="-27.63" scaleX="0.999" scaleY="0.999" rotation="17.036" index="3"/>
      <Frame x="1.52" y="-27.63" scaleX="0.999" scaleY="0.999" rotation="15.307" index="4"/>
      <Frame x="1.52" y="-27.63" scaleX="0.999" scaleY="0.999" rotation="13.268" index="5"/>
      <Frame x="1.50" y="-27.65" scaleX="0.999" scaleY="0.999" rotation="10.550" index="6"/>
      <Frame x="1.50" y="-27.65" rotation="7.526" index="7"/>
      <Frame x="1.50" y="-27.65" rotation="4.010" index="8"/>
      <Frame x="1.50" y="-27.63" index="9"/>
    </Part>
    <Part name="ForeArmL">
      <Frame x="28.68" y="-27.07" rotation="-85.783" index="0"/>
      <Frame x="28.27" y="-27.20" rotation="-85.489" index="1"/>
      <Frame x="26.93" y="-27.45" rotation="-84.688" index="2"/>
      <Frame x="24.75" y="-27.95" rotation="-82.977" index="3"/>
      <Frame x="21.68" y="-28.60" scaleX="0.999" scaleY="0.999" rotation="-80.730" index="4"/>
      <Frame x="17.77" y="-29.48" scaleX="0.999" scaleY="0.999" rotation="-77.949" index="5"/>
      <Frame x="12.95" y="-30.55" scaleX="0.999" scaleY="0.999" rotation="-74.442" index="6"/>
      <Frame x="7.25" y="-31.77" scaleX="0.999" scaleY="0.999" rotation="-70.213" index="7"/>
      <Frame x="0.68" y="-33.25" scaleX="0.999" scaleY="0.999" rotation="-65.445" index="8"/>
      <Frame x="-6.75" y="-34.85" rotation="-60.000" index="9"/>
    </Part>
    <Part name="ForeArmR">
      <Frame x="-25.50" y="-70.67" rotation="-3.287" index="0"/>
      <Frame x="-25.55" y="-70.33" rotation="-3.764" index="1"/>
      <Frame x="-25.60" y="-69.17" rotation="-5.277" index="2"/>
      <Frame x="-25.75" y="-67.30" rotation="-7.797" index="3"/>
      <Frame x="-25.98" y="-64.65" scaleX="0.999" scaleY="0.999" rotation="-11.514" index="4"/>
      <Frame x="-26.20" y="-61.27" scaleX="0.999" scaleY="0.999" rotation="-16.056" index="5"/>
      <Frame x="-26.50" y="-57.10" scaleX="0.999" scaleY="0.999" rotation="-21.796" index="6"/>
      <Frame x="-26.90" y="-52.17" scaleX="0.999" scaleY="0.999" rotation="-28.549" index="7"/>
      <Frame x="-27.35" y="-46.48" scaleX="0.998" scaleY="0.998" rotation="-36.128" index="8"/>
      <Frame x="-27.77" y="-40.05" rotation="-45.000" index="9"/>
    </Part>
    <Part name="HandL">
      <Frame x="48.38" y="-25.23" rotation="-100.782" index="0"/>
      <Frame x="47.90" y="-25.20" scaleX="0.999" scaleY="0.999" rotation="-100.264" index="1"/>
      <Frame x="46.50" y="-25.23" scaleX="0.999" scaleY="0.999" rotation="-98.759" index="2"/>
      <Frame x="44.10" y="-25.13" rotation="-96.253" index="3"/>
      <Frame x="40.80" y="-25.10" rotation="-92.556" index="4"/>
      <Frame x="36.58" y="-25.02" rotation="-88.237" index="5"/>
      <Frame x="31.40" y="-24.95" rotation="-82.724" index="6"/>
      <Frame x="25.25" y="-24.88" scaleX="0.999" scaleY="0.999" rotation="-76.205" index="7"/>
      <Frame x="18.20" y="-24.75" scaleX="0.999" scaleY="0.999" rotation="-68.678" index="8"/>
      <Frame x="10.18" y="-24.60" rotation="-60.000" index="9"/>
    </Part>
    <Part name="HandR">
      <Frame x="-24.80" y="-50.90" rotation="-18.287" index="0"/>
      <Frame x="-24.68" y="-50.60" scaleX="0.999" scaleY="0.999" rotation="-18.548" index="1"/>
      <Frame x="-24.30" y="-49.65" scaleX="0.999" scaleY="0.999" rotation="-19.548" index="2"/>
      <Frame x="-23.63" y="-48.10" scaleX="0.999" scaleY="0.999" rotation="-21.276" index="3"/>
      <Frame x="-22.70" y="-45.92" scaleX="0.999" scaleY="0.999" rotation="-23.547" index="4"/>
      <Frame x="-21.48" y="-43.15" scaleX="0.999" scaleY="0.999" rotation="-26.545" index="5"/>
      <Frame x="-20.05" y="-39.73" scaleX="0.999" scaleY="0.999" rotation="-30.086" index="6"/>
      <Frame x="-18.30" y="-35.70" scaleX="0.998" scaleY="0.998" rotation="-34.359" index="7"/>
      <Frame x="-16.32" y="-31.07" scaleX="0.998" scaleY="0.998" rotation="-39.363" index="8"/>
      <Frame x="-14.07" y="-25.77" rotation="-45.000" index="9"/>
    </Part>
    <Part name="Head">
      <Frame x="39.83" y="-95.92" rotation="4.436" index="0"/>
      <Frame x="39.60" y="-96.03" rotation="4.291" index="1"/>
      <Frame x="38.83" y="-96.30" rotation="4.270" index="2"/>
      <Frame x="37.52" y="-96.78" rotation="4.048" index="3"/>
      <Frame x="35.73" y="-97.42" rotation="3.812" index="4"/>
      <Frame x="33.40" y="-98.22" rotation="3.562" index="5"/>
      <Frame x="30.52" y="-99.28" rotation="3.298" index="6"/>
      <Frame x="27.18" y="-100.47" rotation="3.021" index="7"/>
      <Frame x="23.30" y="-101.88" rotation="2.542" index="8"/>
      <Frame x="18.93" y="-103.47" rotation="2.194" index="9"/>
    </Part>
    <Part name="Leg">
      <Frame x="0.50" y="-22.02" index="0"/>
      <Frame x="0.50" y="-22.02" index="1"/>
      <Frame x="0.50" y="-22.02" index="2"/>
      <Frame x="0.50" y="-22.02" index="3"/>
      <Frame x="0.50" y="-22.02" index="4"/>
      <Frame x="0.50" y="-22.02" index="5"/>
      <Frame x="0.50" y="-22.02" index="6"/>
      <Frame x="0.50" y="-22.02" index="7"/>
      <Frame x="0.50" y="-22.02" index="8"/>
      <Frame x="0.50" y="-22.02" index="9"/>
    </Part>
    <Part name="NeckBottom">
      <Frame x="19.60" y="-68.95" rotation="45.674" index="0"/>
      <Frame x="19.40" y="-69.00" scaleX="0.998" scaleY="0.998" rotation="45.372" index="1"/>
      <Frame x="18.90" y="-69.15" scaleX="0.998" scaleY="0.998" rotation="44.384" index="2"/>
      <Frame x="17.98" y="-69.33" scaleX="0.998" scaleY="0.998" rotation="42.859" index="3"/>
      <Frame x="16.73" y="-69.67" scaleX="0.998" scaleY="0.998" rotation="40.615" index="4"/>
      <Frame x="15.07" y="-70.08" scaleX="0.998" scaleY="0.998" rotation="37.836" index="5"/>
      <Frame x="13.13" y="-70.58" scaleX="0.998" scaleY="0.998" rotation="34.335" index="6"/>
      <Frame x="10.80" y="-71.17" scaleX="0.999" scaleY="0.999" rotation="30.301" index="7"/>
      <Frame x="8.05" y="-71.80" scaleX="0.999" scaleY="0.999" rotation="25.546" index="8"/>
      <Frame x="5.00" y="-72.60" rotation="20.197" index="9"/>
    </Part>
    <Part name="NeckTop">
      <Frame x="30.30" y="-79.72" rotation="34.438" index="0"/>
      <Frame x="30.02" y="-79.85" scaleX="0.998" scaleY="0.998" rotation="34.350" index="1"/>
      <Frame x="29.27" y="-80.10" scaleX="0.998" scaleY="0.998" rotation="34.328" index="2"/>
      <Frame x="28.05" y="-80.53" scaleX="0.998" scaleY="0.998" rotation="34.106" index="3"/>
      <Frame x="26.27" y="-81.17" scaleX="0.998" scaleY="0.998" rotation="33.870" index="4"/>
      <Frame x="24.05" y="-81.97" scaleX="0.998" scaleY="0.998" rotation="33.619" index="5"/>
      <Frame x="21.30" y="-82.95" scaleX="0.998" scaleY="0.998" rotation="33.355" index="6"/>
      <Frame x="18.05" y="-84.08" scaleX="0.998" scaleY="0.998" rotation="33.076" index="7"/>
      <Frame x="14.32" y="-85.45" scaleX="0.998" scaleY="0.998" rotation="32.596" index="8"/>
      <Frame x="10.05" y="-86.92" rotation="32.194" index="9"/>
    </Part>
    <Part name="ShoulderL">
      <Frame x="21.10" y="-60.35" rotation="-100.783" index="0"/>
      <Frame x="20.93" y="-60.40" scaleX="0.999" scaleY="0.999" rotation="-100.263" index="1"/>
      <Frame x="20.52" y="-60.58" scaleX="0.999" scaleY="0.999" rotation="-98.759" index="2"/>
      <Frame x="19.77" y="-60.90" rotation="-96.252" index="3"/>
      <Frame x="18.73" y="-61.30" rotation="-92.556" index="4"/>
      <Frame x="17.45" y="-61.77" rotation="-88.236" index="5"/>
      <Frame x="15.82" y="-62.42" rotation="-82.724" index="6"/>
      <Frame x="13.93" y="-63.17" scaleX="0.999" scaleY="0.999" rotation="-76.206" index="7"/>
      <Frame x="11.72" y="-64.05" scaleX="0.999" scaleY="0.999" rotation="-68.678" index="8"/>
      <Frame x="9.25" y="-65.00" rotation="-60.000" index="9"/>
    </Part>
    <Part name="ShoulderR">
      <Frame x="8.13" y="-64.90" rotation="11.712" index="0"/>
      <Frame x="7.97" y="-64.90" scaleX="0.999" scaleY="0.999" rotation="11.010" index="1"/>
      <Frame x="7.47" y="-64.90" scaleX="0.999" scaleY="0.999" rotation="8.794" index="2"/>
      <Frame x="6.75" y="-64.90" rotation="5.293" index="3"/>
      <Frame x="5.63" y="-64.90" rotation="0.503" index="4"/>
      <Frame x="4.25" y="-64.92" rotation="-5.763" index="5"/>
      <Frame x="2.50" y="-64.92" scaleX="0.999" scaleY="0.999" rotation="-13.323" index="6"/>
      <Frame x="0.50" y="-64.95" scaleX="0.999" scaleY="0.999" rotation="-22.552" index="7"/>
      <Frame x="-1.85" y="-64.97" scaleX="0.998" scaleY="0.998" rotation="-33.082" index="8"/>
      <Frame x="-4.50" y="-65.00" rotation="-45.000" index="9"/>
    </Part>
    <Part name="Wheel">
      <Frame y="0.80" index="0"/>
      <Frame y="0.80" index="1"/>
      <Frame y="0.80" index="2"/>
      <Frame y="0.80" index="3"/>
      <Frame y="0.80" index="4"/>
      <Frame y="0.80" index="5"/>
      <Frame y="0.80" index="6"/>
      <Frame y="0.80" index="7"/>
      <Frame y="0.80" index="8"/>
      <Frame y="0.80" index="9"/>
    </Part>
  </Animation>
  <Animation name="moving" frameCount="21">
    <Marker name="armSound" frame="9"/>
    <Marker name="armSoundOff" frame="18"/>
    <Part name="ArmL">
      <Frame x="22.88" y="-51.10" rotation="-100.783" index="0"/>
      <Frame x="22.88" y="-51.10" rotation="-100.783" index="1"/>
      <Frame x="22.88" y="-51.10" rotation="-100.783" index="2"/>
      <Frame x="22.88" y="-51.10" rotation="-100.783" index="3"/>
      <Frame x="22.88" y="-51.10" rotation="-100.783" index="4"/>
      <Frame x="22.88" y="-51.10" rotation="-100.783" index="5"/>
      <Frame x="22.88" y="-51.10" rotation="-100.783" index="6"/>
      <Frame x="22.88" y="-51.10" rotation="-100.783" index="7"/>
      <Frame x="22.88" y="-51.10" rotation="-100.783" index="8"/>
      <Frame x="22.88" y="-51.10" rotation="-100.783" index="9"/>
      <Frame x="22.88" y="-51.10" rotation="-100.783" index="10"/>
      <Frame x="22.88" y="-51.10" rotation="-100.783" index="11"/>
      <Frame x="22.88" y="-51.10" rotation="-100.783" index="12"/>
      <Frame x="22.88" y="-51.10" rotation="-100.783" index="13"/>
      <Frame x="22.88" y="-51.10" rotation="-100.783" index="14"/>
      <Frame x="22.88" y="-51.10" rotation="-100.783" index="15"/>
      <Frame x="22.88" y="-51.10" rotation="-100.783" index="16"/>
      <Frame x="22.88" y="-51.10" rotation="-100.783" index="17"/>
      <Frame x="22.88" y="-51.10" rotation="-100.783" index="18"/>
      <Frame x="22.88" y="-51.10" rotation="-100.783" index="19"/>
      <Frame x="22.88" y="-51.10" rotation="-100.783" index="20"/>
    </Part>
    <Part name="ArmR">
      <Frame x="-1.07" y="-66.83" rotation="11.712" index="0"/>
      <Frame x="-1.07" y="-66.83" rotation="11.712" index="1"/>
      <Frame x="-1.07" y="-66.83" rotation="11.712" index="2"/>
      <Frame x="-1.07" y="-66.83" rotation="11.712" index="3"/>
      <Frame x="-1.07" y="-66.83" rotation="11.712" index="4"/>
      <Frame x="-1.07" y="-66.83" rotation="11.712" index="5"/>
      <Frame x="-1.07" y="-66.83" rotation="11.712" index="6"/>
      <Frame x="-1.07" y="-66.83" rotation="11.712" index="7"/>
      <Frame x="-1.07" y="-66.83" rotation="11.712" index="8"/>
      <Frame x="-1.07" y="-66.83" rotation="11.712" index="9"/>
      <Frame x="-1.07" y="-66.83" rotation="11.712" index="10"/>
      <Frame x="-1.07" y="-66.83" rotation="11.712" index="11"/>
      <Frame x="-1.07" y="-66.83" rotation="11.712" index="12"/>
      <Frame x="-1.07" y="-66.83" rotation="11.712" index="13"/>
      <Frame x="-1.07" y="-66.83" rotation="11.712" index="14"/>
      <Frame x="-1.07" y="-66.83" rotation="11.712" index="15"/>
      <Frame x="-1.07" y="-66.83" rotation="11.712" index="16"/>
      <Frame x="-1.07" y="-66.83" rotation="11.712" index="17"/>
      <Frame x="-1.07" y="-66.83" rotation="11.712" index="18"/>
      <Frame x="-1.07" y="-66.83" rotation="11.712" index="19"/>
      <Frame x="-1.07" y="-66.83" rotation="11.712" index="20"/>
    </Part>
    <Part name="Body">
      <Frame x="1.50" y="-27.63" rotation="19.217" index="0"/>
      <Frame x="1.50" y="-27.63" rotation="19.217" index="1"/>
      <Frame x="1.50" y="-27.63" rotation="19.217" index="2"/>
      <Frame x="1.50" y="-27.63" rotation="19.217" index="3"/>
      <Frame x="1.50" y="-27.63" rotation="19.217" index="4"/>
      <Frame x="1.50" y="-27.63" rotation="19.217" index="5"/>
      <Frame x="1.50" y="-27.63" rotation="19.217" index="6"/>
      <Frame x="1.50" y="-27.63" rotation="19.217" index="7"/>
      <Frame x="1.50" y="-27.63" rotation="19.217" index="8"/>
      <Frame x="1.50" y="-27.63" rotation="19.217" index="9"/>
      <Frame x="1.50" y="-27.63" rotation="19.217" index="10"/>
      <Frame x="1.50" y="-27.63" rotation="19.217" index="11"/>
      <Frame x="1.50" y="-27.63" rotation="19.217" index="12"/>
      <Frame x="1.50" y="-27.63" rotation="19.217" index="13"/>
      <Frame x="1.50" y="-27.63" rotation="19.217" index="14"/>
      <Frame x="1.50" y="-27.63" rotation="19.217" index="15"/>
      <Frame x="1.50" y="-27.63" rotation="19.217" index="16"/>
      <Frame x="1.50" y="-27.63" rotation="19.217" index="17"/>
      <Frame x="1.50" y="-27.63" rotation="19.217" index="18"/>
      <Frame x="1.50" y="-27.63" rotation="19.217" index="19"/>
      <Frame x="1.50" y="-27.63" rotation="19.217" index="20"/>
    </Part>
    <Part name="ForeArmL">
      <Frame x="28.68" y="-27.07" rotation="-85.783" index="0"/>
      <Frame x="28.68" y="-27.07" rotation="-85.783" index="1"/>
      <Frame x="28.68" y="-27.07" rotation="-85.783" index="2"/>
      <Frame x="28.68" y="-27.07" rotation="-85.783" index="3"/>
      <Frame x="28.68" y="-27.07" rotation="-85.783" index="4"/>
      <Frame x="28.68" y="-27.07" rotation="-85.783" index="5"/>
      <Frame x="28.68" y="-27.07" rotation="-85.783" index="6"/>
      <Frame x="28.68" y="-27.07" rotation="-85.783" index="7"/>
      <Frame x="28.68" y="-27.07" rotation="-85.783" index="8"/>
      <Frame x="28.68" y="-27.07" rotation="-85.783" index="9"/>
      <Frame x="28.68" y="-27.07" rotation="-85.783" index="10"/>
      <Frame x="28.68" y="-27.07" rotation="-85.783" index="11"/>
      <Frame x="28.68" y="-27.07" rotation="-85.783" index="12"/>
      <Frame x="28.68" y="-27.07" rotation="-85.783" index="13"/>
      <Frame x="28.68" y="-27.07" rotation="-85.783" index="14"/>
      <Frame x="28.68" y="-27.07" rotation="-85.783" index="15"/>
      <Frame x="28.68" y="-27.07" rotation="-85.783" index="16"/>
      <Frame x="28.68" y="-27.07" rotation="-85.783" index="17"/>
      <Frame x="28.68" y="-27.07" rotation="-85.783" index="18"/>
      <Frame x="28.68" y="-27.07" rotation="-85.783" index="19"/>
      <Frame x="28.68" y="-27.07" rotation="-85.783" index="20"/>
    </Part>
    <Part name="ForeArmR">
      <Frame x="-25.50" y="-70.67" rotation="-3.287" index="0"/>
      <Frame x="-25.50" y="-70.67" rotation="-3.287" index="1"/>
      <Frame x="-25.50" y="-70.67" rotation="-3.287" index="2"/>
      <Frame x="-25.50" y="-70.67" rotation="-3.287" index="3"/>
      <Frame x="-25.50" y="-70.67" rotation="-3.287" index="4"/>
      <Frame x="-25.50" y="-70.67" rotation="-3.287" index="5"/>
      <Frame x="-25.50" y="-70.67" rotation="-3.287" index="6"/>
      <Frame x="-25.50" y="-70.67" rotation="-3.287" index="7"/>
      <Frame x="-25.50" y="-70.67" rotation="-3.287" index="8"/>
      <Frame x="-25.50" y="-70.67" rotation="-3.287" index="9"/>
      <Frame x="-25.50" y="-70.67" rotation="-3.287" index="10"/>
      <Frame x="-25.50" y="-70.67" rotation="-3.287" index="11"/>
      <Frame x="-25.50" y="-70.67" rotation="-3.287" index="12"/>
      <Frame x="-25.50" y="-70.67" rotation="-3.287" index="13"/>
      <Frame x="-25.50" y="-70.67" rotation="-3.287" index="14"/>
      <Frame x="-25.50" y="-70.67" rotation="-3.287" index="15"/>
      <Frame x="-25.50" y="-70.67" rotation="-3.287" index="16"/>
      <Frame x="-25.50" y="-70.67" rotation="-3.287" index="17"/>
      <Frame x="-25.50" y="-70.67" rotation="-3.287" index="18"/>
      <Frame x="-25.50" y="-70.67" rotation="-3.287" index="19"/>
      <Frame x="-25.50" y="-70.67" rotation="-3.287" index="20"/>
    </Part>
    <Part name="HandL">
      <Frame x="48.38" y="-25.23" rotation="-100.782" index="0"/>
      <Frame x="48.38" y="-25.23" rotation="-100.782" index="1"/>
      <Frame x="48.38" y="-25.23" rotation="-100.782" index="2"/>
      <Frame x="48.38" y="-25.23" rotation="-100.782" index="3"/>
      <Frame x="48.38" y="-25.23" rotation="-100.782" index="4"/>
      <Frame x="48.38" y="-25.23" rotation="-100.782" index="5"/>
      <Frame x="48.38" y="-25.23" rotation="-100.782" index="6"/>
      <Frame x="48.38" y="-25.23" rotation="-100.782" index="7"/>
      <Frame x="48.38" y="-25.23" rotation="-100.782" index="8"/>
      <Frame x="48.38" y="-25.23" rotation="-100.782" index="9"/>
      <Frame x="48.38" y="-25.23" rotation="-100.782" index="10"/>
      <Frame x="48.38" y="-25.23" rotation="-100.782" index="11"/>
      <Frame x="48.38" y="-25.23" rotation="-100.782" index="12"/>
      <Frame x="48.38" y="-25.23" rotation="-100.782" index="13"/>
      <Frame x="48.38" y="-25.23" rotation="-100.782" index="14"/>
      <Frame x="48.38" y="-25.23" rotation="-100.782" index="15"/>
      <Frame x="48.38" y="-25.23" rotation="-100.782" index="16"/>
      <Frame x="48.38" y="-25.23" rotation="-100.782" index="17"/>
      <Frame x="48.38" y="-25.23" rotation="-100.782" index="18"/>
      <Frame x="48.38" y="-25.23" rotation="-100.782" index="19"/>
      <Frame x="48.38" y="-25.23" rotation="-100.782" index="20"/>
    </Part>
    <Part name="HandR">
      <Frame x="-24.80" y="-50.90" rotation="-18.287" index="0"/>
      <Frame x="-24.80" y="-50.90" rotation="-18.287" index="1"/>
      <Frame x="-24.80" y="-50.90" rotation="-18.287" index="2"/>
      <Frame x="-24.80" y="-50.90" rotation="-18.287" index="3"/>
      <Frame x="-24.80" y="-50.90" rotation="-18.287" index="4"/>
      <Frame x="-24.80" y="-50.90" rotation="-18.287" index="5"/>
      <Frame x="-24.80" y="-50.90" rotation="-18.287" index="6"/>
      <Frame x="-24.80" y="-50.90" rotation="-18.287" index="7"/>
      <Frame x="-24.80" y="-50.90" rotation="-18.287" index="8"/>
      <Frame x="-24.80" y="-50.90" rotation="-18.287" index="9"/>
      <Frame x="-24.80" y="-50.90" rotation="-18.287" index="10"/>
      <Frame x="-24.80" y="-50.90" rotation="-18.287" index="11"/>
      <Frame x="-24.80" y="-50.90" rotation="-18.287" index="12"/>
      <Frame x="-24.80" y="-50.90" rotation="-18.287" index="13"/>
      <Frame x="-24.80" y="-50.90" rotation="-18.287" index="14"/>
      <Frame x="-24.80" y="-50.90" rotation="-18.287" index="15"/>
      <Frame x="-24.80" y="-50.90" rotation="-18.287" index="16"/>
      <Frame x="-24.80" y="-50.90" rotation="-18.287" index="17"/>
      <Frame x="-24.80" y="-50.90" rotation="-18.287" index="18"/>
      <Frame x="-24.80" y="-50.90" rotation="-18.287" index="19"/>
      <Frame x="-24.80" y="-50.90" rotation="-18.287" index="20"/>
    </Part>
    <Part name="Head">
      <Frame x="39.83" y="-95.92" rotation="4.436" index="0"/>
      <Frame x="40.55" y="-95.25" rotation="4.298" index="1"/>
      <Frame x="41.25" y="-94.55" rotation="4.298" index="2"/>
      <Frame x="41.95" y="-93.88" rotation="4.298" index="3"/>
      <Frame x="42.65" y="-93.20" rotation="4.298" index="4"/>
      <Frame x="43.35" y="-92.50" rotation="4.298" index="5"/>
      <Frame x="44.05" y="-91.83" rotation="4.298" index="6"/>
      <Frame x="44.75" y="-91.15" rotation="4.298" index="7"/>
      <Frame x="45.45" y="-90.45" rotation="4.298" index="8"/>
      <Frame x="46.13" y="-89.78" rotation="4.437" index="9"/>
      <Frame x="45.60" y="-90.25" rotation="4.298" index="10"/>
      <Frame x="45.08" y="-90.78" rotation="4.298" index="11"/>
      <Frame x="44.55" y="-91.28" rotation="4.298" index="12"/>
      <Frame x="44.02" y="-91.80" rotation="4.298" index="13"/>
      <Frame x="43.50" y="-92.30" rotation="4.298" index="14"/>
      <Frame x="42.98" y="-92.83" rotation="4.298" index="15"/>
      <Frame x="42.45" y="-93.33" rotation="4.298" index="16"/>
      <Frame x="41.92" y="-93.85" rotation="4.298" index="17"/>
      <Frame x="41.40" y="-94.35" rotation="4.298" index="18"/>
      <Frame x="40.88" y="-94.88" rotation="4.298" index="19"/>
      <Frame x="40.35" y="-95.38" rotation="4.298" index="20"/>
    </Part>
    <Part name="Leg">
      <Frame x="0.50" y="-22.02" index="0"/>
      <Frame x="0.50" y="-22.02" index="1"/>
      <Frame x="0.50" y="-22.02" index="2"/>
      <Frame x="0.50" y="-22.02" index="3"/>
      <Frame x="0.50" y="-22.02" index="4"/>
      <Frame x="0.50" y="-22.02" index="5"/>
      <Frame x="0.50" y="-22.02" index="6"/>
      <Frame x="0.50" y="-22.02" index="7"/>
      <Frame x="0.50" y="-22.02" index="8"/>
      <Frame x="0.50" y="-22.02" index="9"/>
      <Frame x="0.50" y="-22.02" index="10"/>
      <Frame x="0.50" y="-22.02" index="11"/>
      <Frame x="0.50" y="-22.02" index="12"/>
      <Frame x="0.50" y="-22.02" index="13"/>
      <Frame x="0.50" y="-22.02" index="14"/>
      <Frame x="0.50" y="-22.02" index="15"/>
      <Frame x="0.50" y="-22.02" index="16"/>
      <Frame x="0.50" y="-22.02" index="17"/>
      <Frame x="0.50" y="-22.02" index="18"/>
      <Frame x="0.50" y="-22.02" index="19"/>
      <Frame x="0.50" y="-22.02" index="20"/>
    </Part>
    <Part name="NeckBottom">
      <Frame x="19.60" y="-68.95" rotation="45.674" index="0"/>
      <Frame x="19.57" y="-68.95" scaleX="0.998" scaleY="0.998" rotation="47.374" index="1"/>
      <Frame x="19.57" y="-68.97" scaleX="0.998" scaleY="0.998" rotation="49.110" index="2"/>
      <Frame x="19.60" y="-68.95" scaleX="0.998" scaleY="0.998" rotation="50.655" index="3"/>
      <Frame x="19.57" y="-68.95" scaleX="0.998" scaleY="0.998" rotation="52.390" index="4"/>
      <Frame x="19.60" y="-68.95" scaleX="0.998" scaleY="0.998" rotation="54.126" index="5"/>
      <Frame x="19.60" y="-68.95" scaleX="0.998" scaleY="0.998" rotation="55.671" index="6"/>
      <Frame x="19.57" y="-68.95" scaleX="0.998" scaleY="0.998" rotation="57.406" index="7"/>
      <Frame x="19.57" y="-68.97" scaleX="0.999" scaleY="0.999" rotation="59.140" index="8"/>
      <Frame x="19.60" y="-68.95" rotation="60.673" index="9"/>
      <Frame x="19.57" y="-68.92" scaleX="0.999" scaleY="0.999" rotation="59.432" index="10"/>
      <Frame x="19.57" y="-68.92" scaleX="0.999" scaleY="0.999" rotation="58.178" index="11"/>
      <Frame x="19.57" y="-68.92" scaleX="0.998" scaleY="0.998" rotation="56.924" index="12"/>
      <Frame x="19.60" y="-68.92" scaleX="0.998" scaleY="0.998" rotation="55.671" index="13"/>
      <Frame x="19.60" y="-68.92" scaleX="0.998" scaleY="0.998" rotation="54.417" index="14"/>
      <Frame x="19.60" y="-68.92" scaleX="0.998" scaleY="0.998" rotation="53.164" index="15"/>
      <Frame x="19.60" y="-68.92" scaleX="0.998" scaleY="0.998" rotation="51.909" index="16"/>
      <Frame x="19.60" y="-68.95" scaleX="0.998" scaleY="0.998" rotation="50.655" index="17"/>
      <Frame x="19.60" y="-68.92" scaleX="0.998" scaleY="0.998" rotation="49.401" index="18"/>
      <Frame x="19.60" y="-68.92" scaleX="0.998" scaleY="0.998" rotation="48.147" index="19"/>
      <Frame x="19.60" y="-68.92" scaleX="0.998" scaleY="0.998" rotation="46.893" index="20"/>
    </Part>
    <Part name="NeckTop">
      <Frame x="30.30" y="-79.72" rotation="34.438" index="0"/>
      <Frame x="30.57" y="-79.40" scaleX="0.998" scaleY="0.998" rotation="36.091" index="1"/>
      <Frame x="30.82" y="-79.03" scaleX="0.998" scaleY="0.998" rotation="37.826" index="2"/>
      <Frame x="31.13" y="-78.67" scaleX="0.998" scaleY="0.998" rotation="39.372" index="3"/>
      <Frame x="31.38" y="-78.33" scaleX="0.998" scaleY="0.998" rotation="41.109" index="4"/>
      <Frame x="31.65" y="-78.00" scaleX="0.998" scaleY="0.998" rotation="42.843" index="5"/>
      <Frame x="31.93" y="-77.65" scaleX="0.998" scaleY="0.998" rotation="44.390" index="6"/>
      <Frame x="32.17" y="-77.30" scaleX="0.998" scaleY="0.998" rotation="46.125" index="7"/>
      <Frame x="32.45" y="-76.95" scaleX="0.998" scaleY="0.998" rotation="47.859" index="8"/>
      <Frame x="32.73" y="-76.58" rotation="49.436" index="9"/>
      <Frame x="32.52" y="-76.80" scaleX="0.998" scaleY="0.998" rotation="48.150" index="10"/>
      <Frame x="32.35" y="-77.10" scaleX="0.998" scaleY="0.998" rotation="46.896" index="11"/>
      <Frame x="32.15" y="-77.33" scaleX="0.998" scaleY="0.998" rotation="45.643" index="12"/>
      <Frame x="31.95" y="-77.63" scaleX="0.998" scaleY="0.998" rotation="44.389" index="13"/>
      <Frame x="31.73" y="-77.88" scaleX="0.998" scaleY="0.998" rotation="43.134" index="14"/>
      <Frame x="31.52" y="-78.13" scaleX="0.998" scaleY="0.998" rotation="41.879" index="15"/>
      <Frame x="31.30" y="-78.38" scaleX="0.998" scaleY="0.998" rotation="40.626" index="16"/>
      <Frame x="31.13" y="-78.65" scaleX="0.998" scaleY="0.998" rotation="39.371" index="17"/>
      <Frame x="30.90" y="-78.92" scaleX="0.998" scaleY="0.998" rotation="38.117" index="18"/>
      <Frame x="30.70" y="-79.20" scaleX="0.998" scaleY="0.998" rotation="36.864" index="19"/>
      <Frame x="30.50" y="-79.45" scaleX="0.998" scaleY="0.998" rotation="35.611" index="20"/>
    </Part>
    <Part name="ShoulderL">
      <Frame x="21.10" y="-60.35" rotation="-100.783" index="0"/>
      <Frame x="21.10" y="-60.35" rotation="-100.783" index="1"/>
      <Frame x="21.10" y="-60.35" rotation="-100.783" index="2"/>
      <Frame x="21.10" y="-60.35" rotation="-100.783" index="3"/>
      <Frame x="21.10" y="-60.35" rotation="-100.783" index="4"/>
      <Frame x="21.10" y="-60.35" rotation="-100.783" index="5"/>
      <Frame x="21.10" y="-60.35" rotation="-100.783" index="6"/>
      <Frame x="21.10" y="-60.35" rotation="-100.783" index="7"/>
      <Frame x="21.10" y="-60.35" rotation="-100.783" index="8"/>
      <Frame x="21.10" y="-60.35" rotation="-100.783" index="9"/>
      <Frame x="21.10" y="-60.35" rotation="-100.783" index="10"/>
      <Frame x="21.10" y="-60.35" rotation="-100.783" index="11"/>
      <Frame x="21.10" y="-60.35" rotation="-100.783" index="12"/>
      <Frame x="21.10" y="-60.35" rotation="-100.783" index="13"/>
      <Frame x="21.10" y="-60.35" rotation="-100.783" index="14"/>
      <Frame x="21.10" y="-60.35" rotation="-100.783" index="15"/>
      <Frame x="21.10" y="-60.35" rotation="-100.783" index="16"/>
      <Frame x="21.10" y="-60.35" rotation="-100.783" index="17"/>
      <Frame x="21.10" y="-60.35" rotation="-100.783" index="18"/>
      <Frame x="21.10" y="-60.35" rotation="-100.783" index="19"/>
      <Frame x="21.10" y="-60.35" rotation="-100.783" index="20"/>
    </Part>
    <Part name="ShoulderR">
      <Frame x="8.13" y="-64.90" rotation="11.712" index="0"/>
      <Frame x="8.13" y="-64.90" rotation="11.712" index="1"/>
      <Frame x="8.13" y="-64.90" rotation="11.712" index="2"/>
      <Frame x="8.13" y="-64.90" rotation="11.712" index="3"/>
      <Frame x="8.13" y="-64.90" rotation="11.712" index="4"/>
      <Frame x="8.13" y="-64.90" rotation="11.712" index="5"/>
      <Frame x="8.13" y="-64.90" rotation="11.712" index="6"/>
      <Frame x="8.13" y="-64.90" rotation="11.712" index="7"/>
      <Frame x="8.13" y="-64.90" rotation="11.712" index="8"/>
      <Frame x="8.13" y="-64.90" rotation="11.712" index="9"/>
      <Frame x="8.13" y="-64.90" rotation="11.712" index="10"/>
      <Frame x="8.13" y="-64.90" rotation="11.712" index="11"/>
      <Frame x="8.13" y="-64.90" rotation="11.712" index="12"/>
      <Frame x="8.13" y="-64.90" rotation="11.712" index="13"/>
      <Frame x="8.13" y="-64.90" rotation="11.712" index="14"/>
      <Frame x="8.13" y="-64.90" rotation="11.712" index="15"/>
      <Frame x="8.13" y="-64.90" rotation="11.712" index="16"/>
      <Frame x="8.13" y="-64.90" rotation="11.712" index="17"/>
      <Frame x="8.13" y="-64.90" rotation="11.712" index="18"/>
      <Frame x="8.13" y="-64.90" rotation="11.712" index="19"/>
      <Frame x="8.13" y="-64.90" rotation="11.712" index="20"/>
    </Part>
    <Part name="Wheel">
      <Frame y="0.80" index="0"/>
      <Frame y="0.80" index="1"/>
      <Frame y="0.80" index="2"/>
      <Frame y="0.80" index="3"/>
      <Frame y="0.80" index="4"/>
      <Frame y="0.80" index="5"/>
      <Frame y="0.80" index="6"/>
      <Frame y="0.80" index="7"/>
      <Frame y="0.80" index="8"/>
      <Frame y="0.80" index="9"/>
      <Frame y="0.80" index="10"/>
      <Frame y="0.80" index="11"/>
      <Frame y="0.80" index="12"/>
      <Frame y="0.80" index="13"/>
      <Frame y="0.80" index="14"/>
      <Frame y="0.80" index="15"/>
      <Frame y="0.80" index="16"/>
      <Frame y="0.80" index="17"/>
      <Frame y="0.80" index="18"/>
      <Frame y="0.80" index="19"/>
      <Frame y="0.80" index="20"/>
    </Part>
  </Animation>
  <Animation name="static" frameCount="10">
    <Part name="ArmL">
      <Frame x="4.55" y="-56.85" rotation="-60.000" index="0"/>
      <Frame x="4.55" y="-56.85" rotation="-60.000" index="1"/>
      <Frame x="4.55" y="-56.85" rotation="-60.000" index="2"/>
      <Frame x="4.55" y="-56.85" rotation="-60.000" index="3"/>
      <Frame x="4.55" y="-56.85" rotation="-60.000" index="4"/>
      <Frame x="4.55" y="-56.85" rotation="-60.000" index="5"/>
      <Frame x="4.55" y="-56.85" rotation="-60.000" index="6"/>
      <Frame x="4.55" y="-56.85" rotation="-60.000" index="7"/>
      <Frame x="4.55" y="-56.85" rotation="-60.000" index="8"/>
      <Frame x="4.55" y="-56.85" rotation="-60.000" index="9"/>
    </Part>
    <Part name="ArmR">
      <Frame x="-11.15" y="-58.35" rotation="-45.000" index="0"/>
      <Frame x="-11.15" y="-58.35" rotation="-45.000" index="1"/>
      <Frame x="-11.15" y="-58.35" rotation="-45.000" index="2"/>
      <Frame x="-11.15" y="-58.35" rotation="-45.000" index="3"/>
      <Frame x="-11.15" y="-58.35" rotation="-45.000" index="4"/>
      <Frame x="-11.15" y="-58.35" rotation="-45.000" index="5"/>
      <Frame x="-11.15" y="-58.35" rotation="-45.000" index="6"/>
      <Frame x="-11.15" y="-58.35" rotation="-45.000" index="7"/>
      <Frame x="-11.15" y="-58.35" rotation="-45.000" index="8"/>
      <Frame x="-11.15" y="-58.35" rotation="-45.000" index="9"/>
    </Part>
    <Part name="Body">
      <Frame x="1.50" y="-27.63" index="0"/>
      <Frame x="1.50" y="-27.63" index="1"/>
      <Frame x="1.50" y="-27.63" index="2"/>
      <Frame x="1.50" y="-27.63" index="3"/>
      <Frame x="1.50" y="-27.63" index="4"/>
      <Frame x="1.50" y="-27.63" index="5"/>
      <Frame x="1.50" y="-27.63" index="6"/>
      <Frame x="1.50" y="-27.63" index="7"/>
      <Frame x="1.50" y="-27.63" index="8"/>
      <Frame x="1.50" y="-27.63" index="9"/>
    </Part>
    <Part name="ForeArmL">
      <Frame x="-6.75" y="-34.85" rotation="-60.000" index="0"/>
      <Frame x="-6.75" y="-34.85" rotation="-60.000" index="1"/>
      <Frame x="-6.75" y="-34.85" rotation="-60.000" index="2"/>
      <Frame x="-6.75" y="-34.85" rotation="-60.000" index="3"/>
      <Frame x="-6.75" y="-34.85" rotation="-60.000" index="4"/>
      <Frame x="-6.75" y="-34.85" rotation="-60.000" index="5"/>
      <Frame x="-6.75" y="-34.85" rotation="-60.000" index="6"/>
      <Frame x="-6.75" y="-34.85" rotation="-60.000" index="7"/>
      <Frame x="-6.75" y="-34.85" rotation="-60.000" index="8"/>
      <Frame x="-6.75" y="-34.85" rotation="-60.000" index="9"/>
    </Part>
    <Part name="ForeArmR">
      <Frame x="-27.77" y="-40.05" rotation="-45.000" index="0"/>
      <Frame x="-27.77" y="-40.05" rotation="-45.000" index="1"/>
      <Frame x="-27.77" y="-40.05" rotation="-45.000" index="2"/>
      <Frame x="-27.77" y="-40.05" rotation="-45.000" index="3"/>
      <Frame x="-27.77" y="-40.05" rotation="-45.000" index="4"/>
      <Frame x="-27.77" y="-40.05" rotation="-45.000" index="5"/>
      <Frame x="-27.77" y="-40.05" rotation="-45.000" index="6"/>
      <Frame x="-27.77" y="-40.05" rotation="-45.000" index="7"/>
      <Frame x="-27.77" y="-40.05" rotation="-45.000" index="8"/>
      <Frame x="-27.77" y="-40.05" rotation="-45.000" index="9"/>
    </Part>
    <Part name="HandL">
      <Frame x="10.18" y="-24.60" rotation="-60.000" index="0"/>
      <Frame x="10.18" y="-24.60" rotation="-60.000" index="1"/>
      <Frame x="10.18" y="-24.60" rotation="-60.000" index="2"/>
      <Frame x="10.18" y="-24.60" rotation="-60.000" index="3"/>
      <Frame x="10.18" y="-24.60" rotation="-60.000" index="4"/>
      <Frame x="10.18" y="-24.60" rotation="-60.000" index="5"/>
      <Frame x="10.18" y="-24.60" rotation="-60.000" index="6"/>
      <Frame x="10.18" y="-24.60" rotation="-60.000" index="7"/>
      <Frame x="10.18" y="-24.60" rotation="-60.000" index="8"/>
      <Frame x="10.18" y="-24.60" rotation="-60.000" index="9"/>
    </Part>
    <Part name="HandR">
      <Frame x="-14.07" y="-25.77" rotation="-45.000" index="0"/>
      <Frame x="-14.07" y="-25.77" rotation="-45.000" index="1"/>
      <Frame x="-14.07" y="-25.77" rotation="-45.000" index="2"/>
      <Frame x="-14.07" y="-25.77" rotation="-45.000" index="3"/>
      <Frame x="-14.07" y="-25.77" rotation="-45.000" index="4"/>
      <Frame x="-14.07" y="-25.77" rotation="-45.000" index="5"/>
      <Frame x="-14.07" y="-25.77" rotation="-45.000" index="6"/>
      <Frame x="-14.07" y="-25.77" rotation="-45.000" index="7"/>
      <Frame x="-14.07" y="-25.77" rotation="-45.000" index="8"/>
      <Frame x="-14.07" y="-25.77" rotation="-45.000" index="9"/>
    </Part>
    <Part name="Head">
      <Frame x="18.93" y="-103.47" rotation="2.194" index="0"/>
      <Frame x="18.93" y="-103.47" rotation="2.194" index="1"/>
      <Frame x="18.93" y="-103.47" rotation="2.194" index="2"/>
      <Frame x="18.93" y="-103.47" rotation="2.194" index="3"/>
      <Frame x="18.93" y="-103.47" rotation="2.194" index="4"/>
      <Frame x="18.93" y="-103.47" rotation="2.194" index="5"/>
      <Frame x="18.93" y="-103.47" rotation="2.194" index="6"/>
      <Frame x="18.93" y="-103.47" rotation="2.194" index="7"/>
      <Frame x="18.93" y="-103.47" rotation="2.194" index="8"/>
      <Frame x="18.93" y="-103.47" rotation="2.194" index="9"/>
    </Part>
    <Part name="Leg">
      <Frame x="0.50" y="-22.02" index="0"/>
      <Frame x="0.50" y="-22.02" index="1"/>
      <Frame x="0.50" y="-22.02" index="2"/>
      <Frame x="0.50" y="-22.02" index="3"/>
      <Frame x="0.50" y="-22.02" index="4"/>
      <Frame x="0.50" y="-22.02" index="5"/>
      <Frame x="0.50" y="-22.02" index="6"/>
      <Frame x="0.50" y="-22.02" index="7"/>
      <Frame x="0.50" y="-22.02" index="8"/>
      <Frame x="0.50" y="-22.02" index="9"/>
    </Part>
    <Part name="NeckBottom">
      <Frame x="5.00" y="-72.60" rotation="20.197" index="0"/>
      <Frame x="5.00" y="-72.60" rotation="20.197" index="1"/>
      <Frame x="5.00" y="-72.60" rotation="20.197" index="2"/>
      <Frame x="5.00" y="-72.60" rotation="20.197" index="3"/>
      <Frame x="5.00" y="-72.60" rotation="20.197" index="4"/>
      <Frame x="5.00" y="-72.60" rotation="20.197" index="5"/>
      <Frame x="5.00" y="-72.60" rotation="20.197" index="6"/>
      <Frame x="5.00" y="-72.60" rotation="20.197" index="7"/>
      <Frame x="5.00" y="-72.60" rotation="20.197" index="8"/>
      <Frame x="5.00" y="-72.60" rotation="20.197" index="9"/>
    </Part>
    <Part name="NeckTop">
      <Frame x="10.05" y="-86.92" rotation="32.194" index="0"/>
      <Frame x="10.05" y="-86.92" rotation="32.194" index="1"/>
      <Frame x="10.05" y="-86.92" rotation="32.194" index="2"/>
      <Frame x="10.05" y="-86.92" rotation="32.194" index="3"/>
      <Frame x="10.05" y="-86.92" rotation="32.194" index="4"/>
      <Frame x="10.05" y="-86.92" rotation="32.194" index="5"/>
      <Frame x="10.05" y="-86.92" rotation="32.194" index="6"/>
      <Frame x="10.05" y="-86.92" rotation="32.194" index="7"/>
      <Frame x="10.05" y="-86.92" rotation="32.194" index="8"/>
      <Frame x="10.05" y="-86.92" rotation="32.194" index="9"/>
    </Part>
    <Part name="ShoulderL">
      <Frame x="9.25" y="-65.00" rotation="-60.000" index="0"/>
      <Frame x="9.25" y="-65.00" rotation="-60.000" index="1"/>
      <Frame x="9.25" y="-65.00" rotation="-60.000" index="2"/>
      <Frame x="9.25" y="-65.00" rotation="-60.000" index="3"/>
      <Frame x="9.25" y="-65.00" rotation="-60.000" index="4"/>
      <Frame x="9.25" y="-65.00" rotation="-60.000" index="5"/>
      <Frame x="9.25" y="-65.00" rotation="-60.000" index="6"/>
      <Frame x="9.25" y="-65.00" rotation="-60.000" index="7"/>
      <Frame x="9.25" y="-65.00" rotation="-60.000" index="8"/>
      <Frame x="9.25" y="-65.00" rotation="-60.000" index="9"/>
    </Part>
    <Part name="ShoulderR">
      <Frame x="-4.50" y="-65.00" rotation="-45.000" index="0"/>
      <Frame x="-4.50" y="-65.00" rotation="-45.000" index="1"/>
      <Frame x="-4.50" y="-65.00" rotation="-45.000" index="2"/>
      <Frame x="-4.50" y="-65.00" rotation="-45.000" index="3"/>
      <Frame x="-4.50" y="-65.00" rotation="-45.000" index="4"/>
      <Frame x="-4.50" y="-65.00" rotation="-45.000" index="5"/>
      <Frame x="-4.50" y="-65.00" rotation="-45.000" index="6"/>
      <Frame x="-4.50" y="-65.00" rotation="-45.000" index="7"/>
      <Frame x="-4.50" y="-65.00" rotation="-45.000" index="8"/>
      <Frame x="-4.50" y="-65.00" rotation="-45.000" index="9"/>
    </Part>
    <Part name="Wheel">
      <Frame y="0.80" index="0"/>
      <Frame y="0.80" index="1"/>
      <Frame y="0.80" index="2"/>
      <Frame y="0.80" index="3"/>
      <Frame y="0.80" index="4"/>
      <Frame y="0.80" index="5"/>
      <Frame y="0.80" index="6"/>
      <Frame y="0.80" index="7"/>
      <Frame y="0.80" index="8"/>
      <Frame y="0.80" index="9"/>
    </Part>
  </Animation>
  <Animation name="static_move" frameCount="14">
    <Part name="ArmL">
      <Frame x="4.55" y="-56.85" rotation="-60.000" index="0"/>
      <Frame x="7.08" y="-56.05" scaleX="0.999" scaleY="0.999" rotation="-65.685" index="1"/>
      <Frame x="9.40" y="-55.33" scaleX="0.999" scaleY="0.999" rotation="-70.935" index="2"/>
      <Frame x="11.55" y="-54.63" scaleX="0.999" scaleY="0.999" rotation="-75.702" index="3"/>
      <Frame x="13.53" y="-54.05" scaleX="0.999" scaleY="0.999" rotation="-79.990" index="4"/>
      <Frame x="15.28" y="-53.48" rotation="-83.980" index="5"/>
      <Frame x="16.88" y="-52.98" rotation="-87.492" index="6"/>
      <Frame x="18.30" y="-52.52" rotation="-90.522" index="7"/>
      <Frame x="19.48" y="-52.17" rotation="-93.261" index="8"/>
      <Frame x="20.52" y="-51.83" rotation="-95.521" index="9"/>
      <Frame x="21.38" y="-51.58" rotation="-97.304" index="10"/>
      <Frame x="22.02" y="-51.38" scaleX="0.999" scaleY="0.999" rotation="-98.795" index="11"/>
      <Frame x="22.50" y="-51.23" scaleX="0.999" scaleY="0.999" rotation="-99.805" index="12"/>
      <Frame x="22.75" y="-51.13" scaleX="0.999" scaleY="0.999" rotation="-100.526" index="13"/>
    </Part>
    <Part name="ArmR">
      <Frame x="-11.15" y="-58.35" rotation="-45.000" index="0"/>
      <Frame x="-9.75" y="-59.55" scaleX="0.998" scaleY="0.998" rotation="-37.114" index="1"/>
      <Frame x="-8.47" y="-60.63" scaleX="0.999" scaleY="0.999" rotation="-29.849" index="2"/>
      <Frame x="-7.33" y="-61.63" scaleX="0.999" scaleY="0.999" rotation="-23.292" index="3"/>
      <Frame x="-6.25" y="-62.50" scaleX="0.999" scaleY="0.999" rotation="-17.072" index="4"/>
      <Frame x="-5.25" y="-63.35" scaleX="0.999" scaleY="0.999" rotation="-11.563" index="5"/>
      <Frame x="-4.38" y="-64.08" rotation="-6.768" index="6"/>
      <Frame x="-3.63" y="-64.70" rotation="-2.306" index="7"/>
      <Frame x="-2.92" y="-65.30" rotation="1.260" index="8"/>
      <Frame x="-2.38" y="-65.75" rotation="4.307" index="9"/>
      <Frame x="-1.88" y="-66.15" rotation="7.023" index="10"/>
      <Frame x="-1.52" y="-66.42" scaleX="0.999" scaleY="0.999" rotation="9.033" index="11"/>
      <Frame x="-1.27" y="-66.67" scaleX="0.999" scaleY="0.999" rotation="10.521" index="12"/>
      <Frame x="-1.10" y="-66.78" scaleX="0.999" scaleY="0.999" rotation="11.301" index="13"/>
    </Part>
    <Part name="Body">
      <Frame x="1.50" y="-27.63" index="0"/>
      <Frame x="1.50" y="-27.63" rotation="2.537" index="1"/>
      <Frame x="1.50" y="-27.63" rotation="5.026" index="2"/>
      <Frame x="1.50" y="-27.63" rotation="7.279" index="3"/>
      <Frame x="1.50" y="-27.63" scaleX="0.999" scaleY="0.999" rotation="9.295" index="4"/>
      <Frame x="1.50" y="-27.63" scaleX="0.999" scaleY="0.999" rotation="11.264" index="5"/>
      <Frame x="1.50" y="-27.63" scaleX="0.999" scaleY="0.999" rotation="12.807" index="6"/>
      <Frame x="1.50" y="-27.63" scaleX="0.999" scaleY="0.999" rotation="14.303" index="7"/>
      <Frame x="1.50" y="-27.63" scaleX="0.999" scaleY="0.999" rotation="15.560" index="8"/>
      <Frame x="1.50" y="-27.63" scaleX="0.999" scaleY="0.999" rotation="16.770" index="9"/>
      <Frame x="1.50" y="-27.63" scaleX="0.999" scaleY="0.999" rotation="17.554" index="10"/>
      <Frame x="1.50" y="-27.63" scaleX="0.999" scaleY="0.999" rotation="18.291" index="11"/>
      <Frame x="1.50" y="-27.63" scaleX="0.999" scaleY="0.999" rotation="18.788" index="12"/>
      <Frame x="1.50" y="-27.63" scaleX="0.999" scaleY="0.999" rotation="19.050" index="13"/>
    </Part>
    <Part name="ForeArmL">
      <Frame x="-6.75" y="-34.85" rotation="-60.000" index="0"/>
      <Frame x="-1.88" y="-33.80" scaleX="0.999" scaleY="0.999" rotation="-63.663" index="1"/>
      <Frame x="2.65" y="-32.77" scaleX="0.999" scaleY="0.999" rotation="-66.931" index="2"/>
      <Frame x="6.83" y="-31.88" scaleX="0.999" scaleY="0.999" rotation="-69.944" index="3"/>
      <Frame x="10.63" y="-31.05" scaleX="0.999" scaleY="0.999" rotation="-72.703" index="4"/>
      <Frame x="14.05" y="-30.27" scaleX="0.999" scaleY="0.999" rotation="-75.208" index="5"/>
      <Frame x="17.10" y="-29.63" scaleX="0.999" scaleY="0.999" rotation="-77.457" index="6"/>
      <Frame x="19.85" y="-29.05" scaleX="0.999" scaleY="0.999" rotation="-79.453" index="7"/>
      <Frame x="22.18" y="-28.50" scaleX="0.999" scaleY="0.999" rotation="-81.195" index="8"/>
      <Frame x="24.18" y="-28.07" rotation="-82.495" index="9"/>
      <Frame x="25.77" y="-27.70" rotation="-83.730" index="10"/>
      <Frame x="27.05" y="-27.43" rotation="-84.711" index="11"/>
      <Frame x="27.95" y="-27.25" rotation="-85.439" index="12"/>
      <Frame x="28.50" y="-27.15" rotation="-85.724" index="13"/>
    </Part>
    <Part name="ForeArmR">
      <Frame x="-27.77" y="-40.05" rotation="-45.000" index="0"/>
      <Frame x="-27.45" y="-44.27" scaleX="0.998" scaleY="0.998" rotation="-39.327" index="1"/>
      <Frame x="-27.18" y="-48.15" scaleX="0.998" scaleY="0.998" rotation="-33.854" index="2"/>
      <Frame x="-26.90" y="-51.77" scaleX="0.999" scaleY="0.999" rotation="-29.054" index="3"/>
      <Frame x="-26.65" y="-55.05" scaleX="0.999" scaleY="0.999" rotation="-24.550" index="4"/>
      <Frame x="-26.45" y="-58.02" scaleX="0.999" scaleY="0.999" rotation="-20.530" index="5"/>
      <Frame x="-26.25" y="-60.67" scaleX="0.999" scaleY="0.999" rotation="-16.806" index="6"/>
      <Frame x="-26.05" y="-63.02" scaleX="0.999" scaleY="0.999" rotation="-13.564" index="7"/>
      <Frame x="-25.90" y="-65.03" scaleX="0.999" scaleY="0.999" rotation="-10.806" index="8"/>
      <Frame x="-25.77" y="-66.78" rotation="-8.532" index="9"/>
      <Frame x="-25.68" y="-68.15" rotation="-6.552" index="10"/>
      <Frame x="-25.60" y="-69.25" rotation="-5.051" index="11"/>
      <Frame x="-25.55" y="-70.03" rotation="-4.038" index="12"/>
      <Frame x="-25.50" y="-70.53" rotation="-3.313" index="13"/>
    </Part>
    <Part name="HandL">
      <Frame x="10.18" y="-24.60" rotation="-60.000" index="0"/>
      <Frame x="15.43" y="-24.65" scaleX="0.999" scaleY="0.999" rotation="-65.685" index="1"/>
      <Frame x="20.30" y="-24.75" scaleX="0.999" scaleY="0.999" rotation="-70.935" index="2"/>
      <Frame x="24.80" y="-24.85" scaleX="0.999" scaleY="0.999" rotation="-75.702" index="3"/>
      <Frame x="28.90" y="-24.90" scaleX="0.999" scaleY="0.999" rotation="-79.990" index="4"/>
      <Frame x="32.60" y="-24.95" rotation="-83.980" index="5"/>
      <Frame x="35.92" y="-25.02" rotation="-87.492" index="6"/>
      <Frame x="38.85" y="-25.07" rotation="-90.522" index="7"/>
      <Frame x="41.35" y="-25.10" rotation="-93.261" index="8"/>
      <Frame x="43.50" y="-25.13" rotation="-95.521" index="9"/>
      <Frame x="45.27" y="-25.18" rotation="-97.304" index="10"/>
      <Frame x="46.63" y="-25.20" scaleX="0.999" scaleY="0.999" rotation="-98.795" index="11"/>
      <Frame x="47.60" y="-25.20" scaleX="0.999" scaleY="0.999" rotation="-99.805" index="12"/>
      <Frame x="48.20" y="-25.23" scaleX="0.999" scaleY="0.999" rotation="-100.526" index="13"/>
    </Part>
    <Part name="HandR">
      <Frame x="-14.07" y="-25.77" rotation="-45.000" index="0"/>
      <Frame x="-15.55" y="-29.23" scaleX="0.998" scaleY="0.998" rotation="-41.349" index="1"/>
      <Frame x="-16.93" y="-32.45" scaleX="0.998" scaleY="0.998" rotation="-37.862" index="2"/>
      <Frame x="-18.15" y="-35.38" scaleX="0.998" scaleY="0.998" rotation="-34.818" index="3"/>
      <Frame x="-19.32" y="-38.08" scaleX="0.998" scaleY="0.998" rotation="-31.844" index="4"/>
      <Frame x="-20.38" y="-40.52" scaleX="0.999" scaleY="0.999" rotation="-29.314" index="5"/>
      <Frame x="-21.30" y="-42.70" scaleX="0.999" scaleY="0.999" rotation="-27.042" index="6"/>
      <Frame x="-22.13" y="-44.65" scaleX="0.999" scaleY="0.999" rotation="-24.838" index="7"/>
      <Frame x="-22.85" y="-46.25" scaleX="0.999" scaleY="0.999" rotation="-23.077" index="8"/>
      <Frame x="-23.43" y="-47.70" scaleX="0.999" scaleY="0.999" rotation="-21.575" index="9"/>
      <Frame x="-23.93" y="-48.85" scaleX="0.999" scaleY="0.999" rotation="-20.327" index="10"/>
      <Frame x="-24.32" y="-49.75" scaleX="0.999" scaleY="0.999" rotation="-19.526" index="11"/>
      <Frame x="-24.57" y="-50.35" scaleX="0.999" scaleY="0.999" rotation="-18.790" index="12"/>
      <Frame x="-24.75" y="-50.77" scaleX="0.999" scaleY="0.999" rotation="-18.312" index="13"/>
    </Part>
    <Part name="Head">
      <Frame x="18.93" y="-103.47" rotation="2.194" index="0"/>
      <Frame x="21.80" y="-102.42" rotation="2.501" index="1"/>
      <Frame x="24.48" y="-101.50" rotation="2.760" index="2"/>
      <Frame x="26.93" y="-100.55" rotation="3.013" index="3"/>
      <Frame x="29.15" y="-99.78" rotation="3.261" index="4"/>
      <Frame x="31.23" y="-99.08" rotation="3.503" index="5"/>
      <Frame x="33.00" y="-98.40" rotation="3.552" index="6"/>
      <Frame x="34.60" y="-97.78" rotation="3.783" index="7"/>
      <Frame x="35.98" y="-97.30" rotation="4.006" index="8"/>
      <Frame x="37.15" y="-96.90" rotation="4.038" index="9"/>
      <Frame x="38.13" y="-96.55" rotation="4.252" index="10"/>
      <Frame x="38.88" y="-96.30" rotation="4.272" index="11"/>
      <Frame x="39.40" y="-96.08" rotation="4.286" index="12"/>
      <Frame x="39.73" y="-95.97" rotation="4.295" index="13"/>
    </Part>
    <Part name="Leg">
      <Frame x="0.50" y="-22.02" index="0"/>
      <Frame x="0.50" y="-22.02" index="1"/>
      <Frame x="0.50" y="-22.02" index="2"/>
      <Frame x="0.50" y="-22.02" index="3"/>
      <Frame x="0.50" y="-22.02" index="4"/>
      <Frame x="0.50" y="-22.02" index="5"/>
      <Frame x="0.50" y="-22.02" index="6"/>
      <Frame x="0.50" y="-22.02" index="7"/>
      <Frame x="0.50" y="-22.02" index="8"/>
      <Frame x="0.50" y="-22.02" index="9"/>
      <Frame x="0.50" y="-22.02" index="10"/>
      <Frame x="0.50" y="-22.02" index="11"/>
      <Frame x="0.50" y="-22.02" index="12"/>
      <Frame x="0.50" y="-22.02" index="13"/>
    </Part>
    <Part name="NeckBottom">
      <Frame x="5.00" y="-72.60" rotation="20.197" index="0"/>
      <Frame x="7.00" y="-72.08" scaleX="0.999" scaleY="0.999" rotation="23.582" index="1"/>
      <Frame x="8.85" y="-71.65" scaleX="0.999" scaleY="0.999" rotation="26.839" index="2"/>
      <Frame x="10.57" y="-71.22" scaleX="0.999" scaleY="0.999" rotation="29.846" index="3"/>
      <Frame x="12.18" y="-70.83" scaleX="0.999" scaleY="0.999" rotation="32.599" index="4"/>
      <Frame x="13.60" y="-70.47" scaleX="0.998" scaleY="0.998" rotation="35.098" index="5"/>
      <Frame x="14.85" y="-70.13" scaleX="0.998" scaleY="0.998" rotation="37.346" index="6"/>
      <Frame x="15.97" y="-69.88" scaleX="0.998" scaleY="0.998" rotation="39.339" index="7"/>
      <Frame x="16.95" y="-69.60" scaleX="0.998" scaleY="0.998" rotation="40.890" index="8"/>
      <Frame x="17.77" y="-69.45" scaleX="0.998" scaleY="0.998" rotation="42.378" index="9"/>
      <Frame x="18.40" y="-69.28" scaleX="0.998" scaleY="0.998" rotation="43.613" index="10"/>
      <Frame x="18.95" y="-69.15" scaleX="0.998" scaleY="0.998" rotation="44.593" index="11"/>
      <Frame x="19.30" y="-69.03" scaleX="0.998" scaleY="0.998" rotation="45.131" index="12"/>
      <Frame x="19.52" y="-69.00" scaleX="0.998" scaleY="0.998" rotation="45.606" index="13"/>
    </Part>
    <Part name="NeckTop">
      <Frame x="10.05" y="-86.92" rotation="32.194" index="0"/>
      <Frame x="12.85" y="-85.95" scaleX="0.999" scaleY="0.999" rotation="32.555" index="1"/>
      <Frame x="15.43" y="-85.08" scaleX="0.998" scaleY="0.998" rotation="32.815" index="2"/>
      <Frame x="17.80" y="-84.17" scaleX="0.998" scaleY="0.998" rotation="33.069" index="3"/>
      <Frame x="19.98" y="-83.42" scaleX="0.998" scaleY="0.998" rotation="33.318" index="4"/>
      <Frame x="21.93" y="-82.70" scaleX="0.998" scaleY="0.998" rotation="33.561" index="5"/>
      <Frame x="23.70" y="-82.10" scaleX="0.998" scaleY="0.998" rotation="33.610" index="6"/>
      <Frame x="25.25" y="-81.53" scaleX="0.998" scaleY="0.998" rotation="33.841" index="7"/>
      <Frame x="26.57" y="-81.08" scaleX="0.998" scaleY="0.998" rotation="34.065" index="8"/>
      <Frame x="27.70" y="-80.70" scaleX="0.998" scaleY="0.998" rotation="34.097" index="9"/>
      <Frame x="28.65" y="-80.33" scaleX="0.998" scaleY="0.998" rotation="34.310" index="10"/>
      <Frame x="29.38" y="-80.08" scaleX="0.998" scaleY="0.998" rotation="34.330" index="11"/>
      <Frame x="29.85" y="-79.88" scaleX="0.998" scaleY="0.998" rotation="34.347" index="12"/>
      <Frame x="30.20" y="-79.75" scaleX="0.998" scaleY="0.998" rotation="34.354" index="13"/>
    </Part>
    <Part name="ShoulderL">
      <Frame x="9.25" y="-65.00" rotation="-60.000" index="0"/>
      <Frame x="10.90" y="-64.35" scaleX="0.999" scaleY="0.999" rotation="-65.685" index="1"/>
      <Frame x="12.40" y="-63.75" scaleX="0.999" scaleY="0.999" rotation="-70.935" index="2"/>
      <Frame x="13.80" y="-63.20" scaleX="0.999" scaleY="0.999" rotation="-75.702" index="3"/>
      <Frame x="15.10" y="-62.70" scaleX="0.999" scaleY="0.999" rotation="-79.990" index="4"/>
      <Frame x="16.20" y="-62.25" rotation="-83.980" index="5"/>
      <Frame x="17.23" y="-61.88" rotation="-87.492" index="6"/>
      <Frame x="18.18" y="-61.50" rotation="-90.522" index="7"/>
      <Frame x="18.93" y="-61.20" rotation="-93.261" index="8"/>
      <Frame x="19.60" y="-60.92" rotation="-95.521" index="9"/>
      <Frame x="20.15" y="-60.73" rotation="-97.304" index="10"/>
      <Frame x="20.55" y="-60.58" scaleX="0.999" scaleY="0.999" rotation="-98.795" index="11"/>
      <Frame x="20.85" y="-60.45" scaleX="0.999" scaleY="0.999" rotation="-99.805" index="12"/>
      <Frame x="21.07" y="-60.35" scaleX="0.999" scaleY="0.999" rotation="-100.526" index="13"/>
    </Part>
    <Part name="ShoulderR">
      <Frame x="-4.50" y="-65.00" rotation="-45.000" index="0"/>
      <Frame x="-2.75" y="-65.00" scaleX="0.998" scaleY="0.998" rotation="-37.114" index="1"/>
      <Frame x="-1.13" y="-65.00" scaleX="0.999" scaleY="0.999" rotation="-29.849" index="2"/>
      <Frame x="0.33" y="-64.95" scaleX="0.999" scaleY="0.999" rotation="-23.292" index="3"/>
      <Frame x="1.68" y="-64.95" scaleX="0.999" scaleY="0.999" rotation="-17.072" index="4"/>
      <Frame x="2.92" y="-64.95" scaleX="0.999" scaleY="0.999" rotation="-11.563" index="5"/>
      <Frame x="4.00" y="-64.90" rotation="-6.768" index="6"/>
      <Frame x="5.00" y="-64.95" rotation="-2.306" index="7"/>
      <Frame x="5.83" y="-64.95" rotation="1.260" index="8"/>
      <Frame x="6.53" y="-64.95" rotation="4.307" index="9"/>
      <Frame x="7.13" y="-64.92" rotation="7.023" index="10"/>
      <Frame x="7.55" y="-64.90" scaleX="0.999" scaleY="0.999" rotation="9.033" index="11"/>
      <Frame x="7.88" y="-64.90" scaleX="0.999" scaleY="0.999" rotation="10.521" index="12"/>
      <Frame x="8.05" y="-64.92" scaleX="0.999" scaleY="0.999" rotation="11.301" index="13"/>
    </Part>
    <Part name="Wheel">
      <Frame y="0.80" index="0"/>
      <Frame y="0.80" index="1"/>
      <Frame y="0.80" index="2"/>
      <Frame y="0.80" index="3"/>
      <Frame y="0.80" index="4"/>
      <Frame y="0.80" index="5"/>
      <Frame y="0.80" index="6"/>
      <Frame y="0.80" index="7"/>
      <Frame y="0.80" index="8"/>
      <Frame y="0.80" index="9"/>
      <Frame y="0.80" index="10"/>
      <Frame y="0.80" index="11"/>
      <Frame y="0.80" index="12"/>
      <Frame y="0.80" index="13"/>
    </Part>
  </Animation>
</Animations>