<Textures>
  <TextureSheet name="robotcharactermc">
    <Texture name="Head" width="29" height="27" path="robotcharactermc_Head.png" registrationPointX="4.50" registrationPointY="16.00" zIndex="13"/>
    <Texture name="NeckTop" width="10" height="18" path="robotcharactermc_NeckTop.png" registrationPointX="5.50" registrationPointY="13.50" zIndex="12"/>
    <Texture name="NeckBottom" width="8" height="16" path="robotcharactermc_NeckBottom.png" registrationPointX="4.00" registrationPointY="11.50" zIndex="11"/>
    <Texture name="HandR" width="12" height="15" path="robotcharactermc_HandR.png" registrationPointX="5.50" registrationPointY="4.00" zIndex="10"/>
    <Texture name="ForeArmR" width="8" height="16" path="robotcharactermc_ForeArmR.png" registrationPointX="4.00" registrationPointY="4.00" zIndex="9"/>
    <Texture name="ArmR" width="20" height="9" path="robotcharactermc_ArmR.png" registrationPointX="15.50" registrationPointY="4.00" zIndex="8"/>
    <Texture name="ShoulderR" width="9" height="8" path="robotcharactermc_ShoulderR.png" registrationPointX="4.50" registrationPointY="4.00" zIndex="7"/>
    <Texture name="Leg" width="9" height="20" path="robotcharactermc_Leg.png" registrationPointX="4.50" registrationPointY="4.00" zIndex="6"/>
    <Texture name="Body" width="20" height="30" path="robotcharactermc_Body.png" registrationPointX="10.00" registrationPointY="24.50" zIndex="5"/>
    <Texture name="HandL" width="12" height="15" path="robotcharactermc_HandL.png" registrationPointX="5.50" registrationPointY="4.00" zIndex="4"/>
    <Texture name="ForeArmL" width="8" height="16" path="robotcharactermc_ForeArmL.png" registrationPointX="4.00" registrationPointY="4.00" zIndex="3"/>
    <Texture name="ArmL" width="20" height="9" path="robotcharactermc_ArmL.png" registrationPointX="15.50" registrationPointY="4.00" zIndex="2"/>
    <Texture name="ShoulderL" width="9" height="8" path="robotcharactermc_ShoulderL.png" registrationPointX="4.50" registrationPointY="4.00" zIndex="1"/>
    <Texture name="Wheel" width="21" height="21" path="robotcharactermc_Wheel.png" registrationPointX="10.50" registrationPointY="10.00"/>
  </TextureSheet>
</Textures>