<Textures>
  <TextureSheet name="robotcharactermc">
    <Texture name="Head" width="55" height="51" path="robotcharactermc_Head.png" registrationPointX="8.00" registrationPointY="30.00" zIndex="13"/>
    <Texture name="NeckTop" width="18" height="33" path="robotcharactermc_NeckTop.png" registrationPointX="10.00" registrationPointY="26.00" zIndex="12"/>
    <Texture name="NeckBottom" width="13" height="29" path="robotcharactermc_NeckBottom.png" registrationPointX="6.50" registrationPointY="21.50" zIndex="11"/>
    <Texture name="HandR" width="20" height="26" path="robotcharactermc_HandR.png" registrationPointX="9.50" registrationPointY="6.00" zIndex="10"/>
    <Texture name="ForeArmR" width="13" height="29" path="robotcharactermc_ForeArmR.png" registrationPointX="6.50" registrationPointY="6.00" zIndex="9"/>
    <Texture name="ArmR" width="37" height="15" path="robotcharactermc_ArmR.png" registrationPointX="29.50" registrationPointY="7.00" zIndex="8"/>
    <Texture name="ShoulderR" width="15" height="14" path="robotcharactermc_ShoulderR.png" registrationPointX="7.50" registrationPointY="7.00" zIndex="7"/>
    <Texture name="Leg" width="15" height="37" path="robotcharactermc_Leg.png" registrationPointX="7.50" registrationPointY="7.00" zIndex="6"/>
    <Texture name="Body" width="38" height="57" path="robotcharactermc_Body.png" registrationPointX="19.00" registrationPointY="47.00" zIndex="5"/>
    <Texture name="HandL" width="20" height="26" path="robotcharactermc_HandL.png" registrationPointX="9.50" registrationPointY="6.00" zIndex="4"/>
    <Texture name="ForeArmL" width="13" height="29" path="robotcharactermc_ForeArmL.png" registrationPointX="6.50" registrationPointY="6.00" zIndex="3"/>
    <Texture name="ArmL" width="37" height="15" path="robotcharactermc_ArmL.png" registrationPointX="29.50" registrationPointY="7.00" zIndex="2"/>
    <Texture name="ShoulderL" width="15" height="14" path="robotcharactermc_ShoulderL.png" registrationPointX="7.50" registrationPointY="7.00" zIndex="1"/>
    <Texture name="Wheel" width="39" height="39" path="robotcharactermc_Wheel.png" registrationPointX="19.50" registrationPointY="19.00"/>
  </TextureSheet>
</Textures>